last_name,first_name,ssn,email
Fleming,Tina,619-16-7988,TinaFleming@gmail.com
Shah,Erica,164-51-7615,EricaShah@gmail.com
Ortiz,Paula,051-83-3290,PaulaOrtiz@gmail.com
Hendricks,James,776-83-2884,JamesHendricks@gmail.com
King,Lauren,197-94-2398,LaurenKing@gmail.com
Cowan,David,252-92-1832,DavidCowan@gmail.com
Burton,Andrew,296-23-6842,AndrewBurton@gmail.com
Baker,Julian,337-40-7543,JulianBaker@gmail.com
Castro,Scott,399-46-5595,ScottCastro@gmail.com
Rodriguez,Billy,014-18-2503,BillyRodriguez@gmail.com
Leblanc,Darrell,005-82-7918,DarrellLeblanc@gmail.com
Hammond,David,561-17-6312,DavidHammond@gmail.com
